{"cameraMode":{"drawMode":0,"name":"Shaded","section":"Shading Mode"},"sceneLighting":false,"audioPlay":false,"sceneViewState":{"m_AlwaysRefresh":false,"showFog":true,"showSkybox":true,"showFlares":true,"showImageEffects":true,"showParticleSystems":true,"showVisualEffectGraphs":true,"m_FxEnabled":true},"in2DMode":false,"pivot":{"x":1.3575233221054078,"y":2.3711695671081545,"z":-0.371616393327713},"rotation":{"x":-0.04394521936774254,"y":-0.6749424338340759,"z":-0.04034404456615448,"w":0.7354878187179565},"size":0.4330126941204071,"orthographic":false}